{
  "n": 284,
  "p": 20,
  "cv_r2_mean": 0.8414781681828188,
  "cv_r2_std": 0.024601638133455242,
  "cv_mae_mean": 0.003743018089771967,
  "cv_mae_std": 0.0002610444677633921,
  "best_alpha": 0.5623413251903491
}